-- SPDX-License-Identifier: Apache-2.0
-- Licensed to the Ed-Fi Alliance under one or more agreements.
-- The Ed-Fi Alliance licenses this file to you under the Apache License, Version 2.0.
-- See the LICENSE and NOTICES files in the project root for more information.
-------------------------------------------------------------------------------
--01. Assessment
-------------------------------------------------------------------------------
INSERT INTO edfi.Assessment(AssessmentIdentifier,Namespace,AssessmentTitle,AssessmentCategoryDescriptorId,AssessmentForm,AssessmentVersion,RevisionDate,MaxRawScore,Nomenclature,AssessmentFamily,EducationOrganizationId,AdaptiveAssessment,Discriminator,CreateDate,LastModifiedDate,Id,ChangeVersion) VALUES ('AMT-2011-ARTS-Fifth grade','uri://ed-fi.org/Assessment/Assessment.xml','Arts State Assessment',128,NULL,2011,'2011-09-01',50,NULL,NULL,NULL,NULL,'NULL','2021-06-03','2021-06-03','c2af87e7-d6ce-42fc-817f-155831b19c76',1)
INSERT INTO edfi.Assessment(AssessmentIdentifier,Namespace,AssessmentTitle,AssessmentCategoryDescriptorId,AssessmentForm,AssessmentVersion,RevisionDate,MaxRawScore,Nomenclature,AssessmentFamily,EducationOrganizationId,AdaptiveAssessment,Discriminator,CreateDate,LastModifiedDate,Id,ChangeVersion) VALUES ('AMT-2011-Math-Fifth grade','uri://ed-fi.org/Assessment/Assessment.xml','Math State Assessment',128,NULL,2011,'2011-09-01',50,NULL,NULL,NULL,NULL,'NULL','2021-06-03','2021-06-03','94e478ce-1ef0-4ec7-a14a-ff9b2acec4f0',1)
INSERT INTO edfi.Assessment(AssessmentIdentifier,Namespace,AssessmentTitle,AssessmentCategoryDescriptorId,AssessmentForm,AssessmentVersion,RevisionDate,MaxRawScore,Nomenclature,AssessmentFamily,EducationOrganizationId,AdaptiveAssessment,Discriminator,CreateDate,LastModifiedDate,Id,ChangeVersion) VALUES ('AMT-2011-Science-Fifth grade','uri://ed-fi.org/Assessment/Assessment.xml','Science State Assessment',128,NULL,2011,'2011-09-01',50,NULL,NULL,NULL,NULL,'NULL','2021-06-03','2021-06-03','f3f331ed-b607-4bdb-a936-9445b91800e5',1)
INSERT INTO edfi.Assessment(AssessmentIdentifier,Namespace,AssessmentTitle,AssessmentCategoryDescriptorId,AssessmentForm,AssessmentVersion,RevisionDate,MaxRawScore,Nomenclature,AssessmentFamily,EducationOrganizationId,AdaptiveAssessment,Discriminator,CreateDate,LastModifiedDate,Id,ChangeVersion) VALUES ('AMT-2011-Writing-Fifth grade','uri://ed-fi.org/Assessment/Assessment.xml','Writing State Assessment',128,NULL,2011,'2011-09-01',50,NULL,NULL,NULL,NULL,'NULL','2021-06-03','2021-06-03','303320b3-35f9-44a3-b200-c55cc2fad693',1)
INSERT INTO edfi.Assessment(AssessmentIdentifier,Namespace,AssessmentTitle,AssessmentCategoryDescriptorId,AssessmentForm,AssessmentVersion,RevisionDate,MaxRawScore,Nomenclature,AssessmentFamily,EducationOrganizationId,AdaptiveAssessment,Discriminator,CreateDate,LastModifiedDate,Id,ChangeVersion) VALUES ('AMT-2011-Reading-Fifth grade','uri://ed-fi.org/Assessment/Assessment.xml','Reading State Assessment',128,NULL,2011,'2011-09-01',50,NULL,NULL,NULL,NULL,'NULL','2021-06-03','2021-06-03','8fbb746a-9077-4afd-babe-43bc36ead95a',1)
-------------------------------------------------------------------------------
--02. AssessmentAssessedGradeLevel
-------------------------------------------------------------------------------
INSERT INTO edfi.AssessmentAssessedGradeLevel(AssessmentIdentifier,GradeLevelDescriptorId,Namespace,CreateDate) VALUES ('AMT-2011-ARTS-Fifth grade',957,'uri://ed-fi.org/Assessment/Assessment.xml','2021-06-03')
INSERT INTO edfi.AssessmentAssessedGradeLevel(AssessmentIdentifier,GradeLevelDescriptorId,Namespace,CreateDate) VALUES ('AMT-2011-Math-Fifth grade',957,'uri://ed-fi.org/Assessment/Assessment.xml','2021-06-03')
INSERT INTO edfi.AssessmentAssessedGradeLevel(AssessmentIdentifier,GradeLevelDescriptorId,Namespace,CreateDate) VALUES ('AMT-2011-Reading-Fifth grade',957,'uri://ed-fi.org/Assessment/Assessment.xml','2021-06-03')
INSERT INTO edfi.AssessmentAssessedGradeLevel(AssessmentIdentifier,GradeLevelDescriptorId,Namespace,CreateDate) VALUES ('AMT-2011-Science-Fifth grade',957,'uri://ed-fi.org/Assessment/Assessment.xml','2021-06-03')
INSERT INTO edfi.AssessmentAssessedGradeLevel(AssessmentIdentifier,GradeLevelDescriptorId,Namespace,CreateDate) VALUES ('AMT-2011-Writing-Fifth grade',957,'uri://ed-fi.org/Assessment/Assessment.xml','2021-06-03')
-------------------------------------------------------------------------------
--03. AssessmentScore
-------------------------------------------------------------------------------
INSERT INTO edfi.AssessmentScore(AssessmentIdentifier,AssessmentReportingMethodDescriptorId,Namespace,MinimumScore,MaximumScore,ResultDatatypeTypeDescriptorId,CreateDate) VALUES ('AMT-2011-ARTS-Fifth grade',222,'uri://ed-fi.org/Assessment/Assessment.xml','0','50',2066,'2021-06-03')
INSERT INTO edfi.AssessmentScore(AssessmentIdentifier,AssessmentReportingMethodDescriptorId,Namespace,MinimumScore,MaximumScore,ResultDatatypeTypeDescriptorId,CreateDate) VALUES ('AMT-2011-Math-Fifth grade',222,'uri://ed-fi.org/Assessment/Assessment.xml','0','50',2066,'2021-06-03')
INSERT INTO edfi.AssessmentScore(AssessmentIdentifier,AssessmentReportingMethodDescriptorId,Namespace,MinimumScore,MaximumScore,ResultDatatypeTypeDescriptorId,CreateDate) VALUES ('AMT-2011-Reading-Fifth grade',222,'uri://ed-fi.org/Assessment/Assessment.xml','0','50',2066,'2021-06-03')
INSERT INTO edfi.AssessmentScore(AssessmentIdentifier,AssessmentReportingMethodDescriptorId,Namespace,MinimumScore,MaximumScore,ResultDatatypeTypeDescriptorId,CreateDate) VALUES ('AMT-2011-Science-Fifth grade',222,'uri://ed-fi.org/Assessment/Assessment.xml','0','50',2066,'2021-06-03')
INSERT INTO edfi.AssessmentScore(AssessmentIdentifier,AssessmentReportingMethodDescriptorId,Namespace,MinimumScore,MaximumScore,ResultDatatypeTypeDescriptorId,CreateDate) VALUES ('AMT-2011-Writing-Fifth grade',222,'uri://ed-fi.org/Assessment/Assessment.xml','0','50',2066,'2021-06-03')
-------------------------------------------------------------------------------
--04. AssessmentAcademicSubject
-------------------------------------------------------------------------------
INSERT INTO edfi.AssessmentAcademicSubject(AcademicSubjectDescriptorId,AssessmentIdentifier,Namespace,CreateDate) VALUES (35,'AMT-2011-ARTS-Fifth grade','uri://ed-fi.org/Assessment/Assessment.xml','2021-06-03')
INSERT INTO edfi.AssessmentAcademicSubject(AcademicSubjectDescriptorId,AssessmentIdentifier,Namespace,CreateDate) VALUES (45,'AMT-2011-Math-Fifth grade','uri://ed-fi.org/Assessment/Assessment.xml','2021-06-03')
INSERT INTO edfi.AssessmentAcademicSubject(AcademicSubjectDescriptorId,AssessmentIdentifier,Namespace,CreateDate) VALUES (44,'AMT-2011-Science-Fifth grade','uri://ed-fi.org/Assessment/Assessment.xml','2021-06-03')
INSERT INTO edfi.AssessmentAcademicSubject(AcademicSubjectDescriptorId,AssessmentIdentifier,Namespace,CreateDate) VALUES (47,'AMT-2011-Reading-Fifth grade','uri://ed-fi.org/Assessment/Assessment.xml','2021-06-03')
INSERT INTO edfi.AssessmentAcademicSubject(AcademicSubjectDescriptorId,AssessmentIdentifier,Namespace,CreateDate) VALUES (37,'AMT-2011-Writing-Fifth grade','uri://ed-fi.org/Assessment/Assessment.xml','2021-06-03')
-------------------------------------------------------------------------------
--05. ObjectiveAssessment
-------------------------------------------------------------------------------
INSERT INTO edfi.ObjectiveAssessment(AssessmentIdentifier,IdentificationCode,Namespace,MaxRawScore,PercentOfAssessment,Nomenclature,Description,ParentIdentificationCode,AcademicSubjectDescriptorId,Discriminator,CreateDate,LastModifiedDate,Id,ChangeVersion) VALUES ('AMT-2011-ARTS-Fifth grade','State Assessment_Reading5-1','uri://ed-fi.org/Assessment/Assessment.xml',50,'0.5',NULL,NULL,NULL,35,'NULL','2021-06-03','2021-06-03','dc8ebd91-c7fa-48d4-994a-85af8469fad3',1)
INSERT INTO edfi.ObjectiveAssessment(AssessmentIdentifier,IdentificationCode,Namespace,MaxRawScore,PercentOfAssessment,Nomenclature,Description,ParentIdentificationCode,AcademicSubjectDescriptorId,Discriminator,CreateDate,LastModifiedDate,Id,ChangeVersion) VALUES ('AMT-2011-Math-Fifth grade','State Assessment_Math5-1','uri://ed-fi.org/Assessment/Assessment.xml',50,'0.5',NULL,NULL,NULL,35,'NULL','2021-06-03','2021-06-03','3177008d-b670-4253-8f64-49e2b5131b68',1)
INSERT INTO edfi.ObjectiveAssessment(AssessmentIdentifier,IdentificationCode,Namespace,MaxRawScore,PercentOfAssessment,Nomenclature,Description,ParentIdentificationCode,AcademicSubjectDescriptorId,Discriminator,CreateDate,LastModifiedDate,Id,ChangeVersion) VALUES ('AMT-2011-Science-Fifth grade','State Assessment_Science5-1','uri://ed-fi.org/Assessment/Assessment.xml',50,'0.5',NULL,NULL,NULL,35,'NULL','2021-06-03','2021-06-03','e70a4a0e-b138-4a65-be44-8bfe6390559b',1)
INSERT INTO edfi.ObjectiveAssessment(AssessmentIdentifier,IdentificationCode,Namespace,MaxRawScore,PercentOfAssessment,Nomenclature,Description,ParentIdentificationCode,AcademicSubjectDescriptorId,Discriminator,CreateDate,LastModifiedDate,Id,ChangeVersion) VALUES ('AMT-2011-Writing-Fifth grade','State Assessment_Writing5-1','uri://ed-fi.org/Assessment/Assessment.xml',50,'0.5',NULL,NULL,NULL,35,'NULL','2021-06-03','2021-06-03','4cff7e6f-3e6c-4b84-9fb8-97f75f14dc7b',1)
INSERT INTO edfi.ObjectiveAssessment(AssessmentIdentifier,IdentificationCode,Namespace,MaxRawScore,PercentOfAssessment,Nomenclature,Description,ParentIdentificationCode,AcademicSubjectDescriptorId,Discriminator,CreateDate,LastModifiedDate,Id,ChangeVersion) VALUES ('AMT-2011-Reading-Fifth grade','State Assessment_Reading5-1','uri://ed-fi.org/Assessment/Assessment.xml',50,'0.5',NULL,NULL,NULL,35,'NULL','2021-06-03','2021-06-03','787acdb0-06b7-4825-812a-3e2403098a4c',1)
-------------------------------------------------------------------------------
--06. ObjectiveAssessmentScore
-------------------------------------------------------------------------------
INSERT INTO edfi.ObjectiveAssessmentScore(AssessmentIdentifier,AssessmentReportingMethodDescriptorId,IdentificationCode,Namespace,MinimumScore,MaximumScore,ResultDatatypeTypeDescriptorId,CreateDate) VALUES ('AMT-2011-ARTS-Fifth grade',216,'State Assessment_Reading5-1','uri://ed-fi.org/Assessment/Assessment.xml','0','50',2066,'2021-06-03')
INSERT INTO edfi.ObjectiveAssessmentScore(AssessmentIdentifier,AssessmentReportingMethodDescriptorId,IdentificationCode,Namespace,MinimumScore,MaximumScore,ResultDatatypeTypeDescriptorId,CreateDate) VALUES ('AMT-2011-Math-Fifth grade',216,'State Assessment_Math5-1','uri://ed-fi.org/Assessment/Assessment.xml','0','50',2066,'2021-06-03')
INSERT INTO edfi.ObjectiveAssessmentScore(AssessmentIdentifier,AssessmentReportingMethodDescriptorId,IdentificationCode,Namespace,MinimumScore,MaximumScore,ResultDatatypeTypeDescriptorId,CreateDate) VALUES ('AMT-2011-Reading-Fifth grade',216,'State Assessment_Reading5-1','uri://ed-fi.org/Assessment/Assessment.xml','0','50',2066,'2021-06-03')
INSERT INTO edfi.ObjectiveAssessmentScore(AssessmentIdentifier,AssessmentReportingMethodDescriptorId,IdentificationCode,Namespace,MinimumScore,MaximumScore,ResultDatatypeTypeDescriptorId,CreateDate) VALUES ('AMT-2011-Science-Fifth grade',216,'State Assessment_Science5-1','uri://ed-fi.org/Assessment/Assessment.xml','0','50',2066,'2021-06-03')
INSERT INTO edfi.ObjectiveAssessmentScore(AssessmentIdentifier,AssessmentReportingMethodDescriptorId,IdentificationCode,Namespace,MinimumScore,MaximumScore,ResultDatatypeTypeDescriptorId,CreateDate) VALUES ('AMT-2011-Writing-Fifth grade',216,'State Assessment_Writing5-1','uri://ed-fi.org/Assessment/Assessment.xml','0','50',2066,'2021-06-03')
-------------------------------------------------------------------------------
--07. AssessmentPerformanceLevel
-------------------------------------------------------------------------------
INSERT INTO edfi.AssessmentPerformanceLevel(AssessmentIdentifier,AssessmentReportingMethodDescriptorId,Namespace,PerformanceLevelDescriptorId,MinimumScore,MaximumScore,ResultDatatypeTypeDescriptorId,CreateDate) VALUES ('AMT-2011-ARTS-Fifth grade',222,'uri://ed-fi.org/Assessment/Assessment.xml',1742,'0','25',2066,'2021-06-03')
INSERT INTO edfi.AssessmentPerformanceLevel(AssessmentIdentifier,AssessmentReportingMethodDescriptorId,Namespace,PerformanceLevelDescriptorId,MinimumScore,MaximumScore,ResultDatatypeTypeDescriptorId,CreateDate) VALUES ('AMT-2011-ARTS-Fifth grade',222,'uri://ed-fi.org/Assessment/Assessment.xml',1743,'26','40',2066,'2021-06-03')
INSERT INTO edfi.AssessmentPerformanceLevel(AssessmentIdentifier,AssessmentReportingMethodDescriptorId,Namespace,PerformanceLevelDescriptorId,MinimumScore,MaximumScore,ResultDatatypeTypeDescriptorId,CreateDate) VALUES ('AMT-2011-ARTS-Fifth grade',222,'uri://ed-fi.org/Assessment/Assessment.xml',1739,'41','50',2066,'2021-06-03')
INSERT INTO edfi.AssessmentPerformanceLevel(AssessmentIdentifier,AssessmentReportingMethodDescriptorId,Namespace,PerformanceLevelDescriptorId,MinimumScore,MaximumScore,ResultDatatypeTypeDescriptorId,CreateDate) VALUES ('AMT-2011-Math-Fifth grade',222,'uri://ed-fi.org/Assessment/Assessment.xml',1742,'0','25',2066,'2021-06-03')
INSERT INTO edfi.AssessmentPerformanceLevel(AssessmentIdentifier,AssessmentReportingMethodDescriptorId,Namespace,PerformanceLevelDescriptorId,MinimumScore,MaximumScore,ResultDatatypeTypeDescriptorId,CreateDate) VALUES ('AMT-2011-Math-Fifth grade',222,'uri://ed-fi.org/Assessment/Assessment.xml',1743,'26','40',2066,'2021-06-03')
INSERT INTO edfi.AssessmentPerformanceLevel(AssessmentIdentifier,AssessmentReportingMethodDescriptorId,Namespace,PerformanceLevelDescriptorId,MinimumScore,MaximumScore,ResultDatatypeTypeDescriptorId,CreateDate) VALUES ('AMT-2011-Math-Fifth grade',222,'uri://ed-fi.org/Assessment/Assessment.xml',1739,'41','50',2066,'2021-06-03')
INSERT INTO edfi.AssessmentPerformanceLevel(AssessmentIdentifier,AssessmentReportingMethodDescriptorId,Namespace,PerformanceLevelDescriptorId,MinimumScore,MaximumScore,ResultDatatypeTypeDescriptorId,CreateDate) VALUES ('AMT-2011-Reading-Fifth grade',222,'uri://ed-fi.org/Assessment/Assessment.xml',1742,'0','25',2066,'2021-06-03')
INSERT INTO edfi.AssessmentPerformanceLevel(AssessmentIdentifier,AssessmentReportingMethodDescriptorId,Namespace,PerformanceLevelDescriptorId,MinimumScore,MaximumScore,ResultDatatypeTypeDescriptorId,CreateDate) VALUES ('AMT-2011-Reading-Fifth grade',222,'uri://ed-fi.org/Assessment/Assessment.xml',1743,'26','40',2066,'2021-06-03')
INSERT INTO edfi.AssessmentPerformanceLevel(AssessmentIdentifier,AssessmentReportingMethodDescriptorId,Namespace,PerformanceLevelDescriptorId,MinimumScore,MaximumScore,ResultDatatypeTypeDescriptorId,CreateDate) VALUES ('AMT-2011-Reading-Fifth grade',222,'uri://ed-fi.org/Assessment/Assessment.xml',1739,'41','50',2066,'2021-06-03')
INSERT INTO edfi.AssessmentPerformanceLevel(AssessmentIdentifier,AssessmentReportingMethodDescriptorId,Namespace,PerformanceLevelDescriptorId,MinimumScore,MaximumScore,ResultDatatypeTypeDescriptorId,CreateDate) VALUES ('AMT-2011-Science-Fifth grade',222,'uri://ed-fi.org/Assessment/Assessment.xml',1742,'0','25',2066,'2021-06-03')
INSERT INTO edfi.AssessmentPerformanceLevel(AssessmentIdentifier,AssessmentReportingMethodDescriptorId,Namespace,PerformanceLevelDescriptorId,MinimumScore,MaximumScore,ResultDatatypeTypeDescriptorId,CreateDate) VALUES ('AMT-2011-Science-Fifth grade',222,'uri://ed-fi.org/Assessment/Assessment.xml',1743,'26','40',2066,'2021-06-03')
INSERT INTO edfi.AssessmentPerformanceLevel(AssessmentIdentifier,AssessmentReportingMethodDescriptorId,Namespace,PerformanceLevelDescriptorId,MinimumScore,MaximumScore,ResultDatatypeTypeDescriptorId,CreateDate) VALUES ('AMT-2011-Science-Fifth grade',222,'uri://ed-fi.org/Assessment/Assessment.xml',1739,'41','50',2066,'2021-06-03')
INSERT INTO edfi.AssessmentPerformanceLevel(AssessmentIdentifier,AssessmentReportingMethodDescriptorId,Namespace,PerformanceLevelDescriptorId,MinimumScore,MaximumScore,ResultDatatypeTypeDescriptorId,CreateDate) VALUES ('AMT-2011-Writing-Fifth grade',222,'uri://ed-fi.org/Assessment/Assessment.xml',1742,'0','25',2066,'2021-06-03')
INSERT INTO edfi.AssessmentPerformanceLevel(AssessmentIdentifier,AssessmentReportingMethodDescriptorId,Namespace,PerformanceLevelDescriptorId,MinimumScore,MaximumScore,ResultDatatypeTypeDescriptorId,CreateDate) VALUES ('AMT-2011-Writing-Fifth grade',222,'uri://ed-fi.org/Assessment/Assessment.xml',1743,'26','40',2066,'2021-06-03')
INSERT INTO edfi.AssessmentPerformanceLevel(AssessmentIdentifier,AssessmentReportingMethodDescriptorId,Namespace,PerformanceLevelDescriptorId,MinimumScore,MaximumScore,ResultDatatypeTypeDescriptorId,CreateDate) VALUES ('AMT-2011-Writing-Fifth grade',222,'uri://ed-fi.org/Assessment/Assessment.xml',1739,'41','50',2066,'2021-06-03')
